id,timestamp,time,lat0,lon0,thermidx,win,omegaest,omegastd,Rxest,phixest,uest,ustd,x0est,Ryest,phiyest,vest,vstd,y0est,magU,stdmagU,bUdeg,dbUdeg,dz,zhat,zdot
FLRDDE434,1774193790.0,2026-03-22 15:36:30+00:00,56.193625,-3.318258333333333,0.0,"(np.int64(60), np.int64(122))",0.20104010210605072,0.0018810325892911156,106.10763977817443,3.0185866360407,10.611387185000439,0.21193947673558394,2.51767600665493,114.94218354419748,-0.2209054568220597,-0.007369435402127345,0.14207916117326133,-0.05300010333552328,10.6113897439765,0.21193944859463446,270.03979097837936,0.767151041809682,64.92239999999993,982.6752000000001,0.9918454585563786
FLRDDE434,1774193851.0,2026-03-22 15:37:31+00:00,56.19320833333333,-3.308333333333333,0.0,"(np.int64(122), np.int64(178))",0.19148497957971009,0.0010828181186557015,114.43919807100862,2.136869965216235,8.638353624969184,0.12912185172363802,-9.979735453803539,116.11012911547705,-1.0061004675162966,0.3102907944369482,0.07810397580973806,-8.457262360426872,8.643924671532634,0.12906908731266148,267.9428125519475,0.5182856712999462,35.05200000000002,1035.558,0.6791218133406084
FLRDDE434,1774194255.5,2026-03-22 15:44:15.500000+00:00,56.19465833333334,-3.3141083333333334,1.0,"(np.int64(357), np.int64(426))",-0.20015535940918144,0.002268792950228553,106.61303209615679,5.13717759278691,7.020109651712932,0.24883152847329745,-2.8170172938098736,112.0022769471858,-4.217812640105851,0.4479731048100913,0.19799384579411552,-9.436639356784921,7.034388347589736,0.24864634552070566,266.3487445228323,1.6145729958975583,96.01199999999994,943.2036,1.222814616698078
FLRDDE434,1774194324.5,2026-03-22 15:45:24.500000+00:00,56.1953,-3.310275,1.0,"(np.int64(426), np.int64(493))",-0.18499533166467033,0.0007430528647413482,121.0138567862761,3.9681828681086713,9.121195798384482,0.08997233624933898,1.6825847219394847,115.42153008046337,0.856683663386971,0.4228876545218544,0.061692973121589764,-0.9526543579482945,9.130993744429668,0.08992119701147859,267.3454862958985,0.3875828263476503,133.19760000000008,1059.6372000000001,1.9528986965840947
FLRDDE434,1774194393.0,2026-03-22 15:46:33+00:00,56.205125,-3.3280583333333333,1.0,"(np.int64(493), np.int64(560))",-0.1916664840311413,0.0006514841421540065,123.12124711588494,3.8053694296786826,7.528137245980494,0.07987824669980528,8.099607289309326,122.20461510509423,0.642621717580651,-0.8059390780181445,0.05274674224259876,-5.325910381311831,7.571155010419184,0.07962261402844388,276.11063474927676,0.4020826676883126,213.96960000000013,1237.1832,2.318591745338227
FLRDDE434,1774194462.0,2026-03-22 15:47:42+00:00,56.221475000000005,-3.340241666666667,1.0,"(np.int64(560), np.int64(624))",-0.16557987385031003,0.0008547489290574815,142.84873718066652,4.099380190814961,6.782952411071606,0.1251614629438631,-2.032015912934021,144.49523370354152,0.8736670793743451,-0.28353763671500676,0.06217282303879917,6.898548976605786,6.788875974879497,0.12507921078974063,272.3936564134471,0.5261124089055225,107.89920000000006,1348.1304,1.46467870091865
FLRDDE434,1774194530.5,2026-03-22 15:48:50.500000+00:00,56.22885,-3.3327416666666667,1.0,"(np.int64(624), np.int64(681))",-0.15802128460400852,0.0004290955585627972,149.12662914675823,5.322666344987318,8.188482864533121,0.0649907958039299,11.210457279386423,151.15128090225227,2.143278910673877,-0.19502087485789993,0.02875507085973829,7.12085719903936,8.19080489111924,0.06497597861627827,271.3643261212205,0.20137967759156178,56.08320000000003,1432.2552,0.7026558587850124
FLRDDE434,1774194583.0,2026-03-22 15:49:43+00:00,56.229033333333334,-3.326366666666666,1.0,"(np.int64(681), np.int64(711))",-0.1346787916944724,0.006438947331843448,-170.43722089205954,0.7165162531025933,4.8738690817258865,1.122654015212912,38.9476537469034,156.58652760445787,0.9097972253553467,0.18691726408553955,0.12387085840696828,-31.051729168047125,4.877451987402516,1.1218393734817043,267.80373163819166,1.5393796059040619,14.935200000000123,1472.7936,0.15793897768044862
FLRDDE434,1774194832.5,2026-03-22 15:53:52.500000+00:00,56.1933,-3.3179666666666665,2.0,"(np.int64(838), np.int64(905))",0.18532233168737225,0.000921335921000469,134.63671147922938,1.5996777627714538,8.425964250702378,0.1278651560423574,-1.7673576618711928,135.73286569553383,-1.6113558568704736,-3.55193290447842,0.07691926947347628,1.2496822173679538,9.14401995361072,0.12155366450980111,292.85766901031366,0.5423116740959428,22.8599999999999,1460.754,0.28781060515602835
FLRDDE434,1774194892.0,2026-03-22 15:54:52+00:00,56.193733333333334,-3.3080499999999997,2.0,"(np.int64(905), np.int64(953))",0.17914688194497522,0.0005646225928299092,137.18962680548805,-0.1282491053648345,8.17035778489173,0.061403924109047575,24.28407399596713,142.29645611905062,-3.260228159956969,-2.4061621523239887,0.025459433110752456,2.3773531379504043,8.517297848285997,0.059340212479821595,286.4096482384046,0.2015139304570899,16.154399999999896,1481.1756,0.24316383225471078
